image,gt_count,pred_count,matched_iou50,rough_recall_iou50,avg_norm_area,small_ratio_area_lt_0.001,top_classes
0000001_02999_d_0000005.jpg,127,70,45,0.3543307086614173,0.0005963543428503937,0.8346456692913385,motor:50;people:30;awning-tricycle:17
0000001_03499_d_0000006.jpg,77,45,21,0.2727272727272727,0.0008940910889610389,0.7922077922077922,motor:26;people:22;car:16
0000001_03999_d_0000007.jpg,48,45,21,0.4375,0.0007894154622291666,0.8125,motor:17;people:16;pedestrian:8
0000001_04527_d_0000008.jpg,115,38,21,0.1826086956521739,0.00047905210546956515,0.9391304347826087,motor:48;pedestrian:28;people:26
0000001_05249_d_0000009.jpg,113,127,76,0.672566371681416,0.0010493850371769912,0.6460176991150443,car:76;motor:27;pedestrian:8
0000001_05499_d_0000010.jpg,140,86,74,0.5285714285714286,0.0020520820643142854,0.4785714285714286,car:68;motor:31;people:13
0000001_05999_d_0000011.jpg,115,95,54,0.46956521739130436,0.0012084067166521742,0.6521739130434783,pedestrian:39;car:37;motor:19
0000001_07999_d_0000012.jpg,136,56,32,0.23529411764705882,0.0004737558314264706,0.8897058823529411,pedestrian:45;motor:36;people:33
0000001_08414_d_0000013.jpg,164,84,51,0.31097560975609756,0.0007909830366768293,0.8170731707317073,people:54;motor:43;pedestrian:33
0000021_00000_d_0000001.jpg,31,13,6,0.1935483870967742,0.002395398075967742,0.6451612903225806,people:12;pedestrian:9;motor:7
0000021_00500_d_0000002.jpg,17,11,6,0.35294117647058826,0.0017495008192352944,0.7647058823529411,pedestrian:7;tricycle:4;people:3
0000021_00800_d_0000003.jpg,7,7,2,0.2857142857142857,0.0009488034667142856,0.42857142857142855,pedestrian:3;tricycle:2;people:1
0000022_00000_d_0000004.jpg,41,44,24,0.5853658536585366,0.0010173872374634148,0.6829268292682927,pedestrian:23;people:10;motor:7
0000022_00500_d_0000005.jpg,32,29,20,0.625,0.001825980183,0.4375,pedestrian:17;people:8;motor:6
0000022_01036_d_0000006.jpg,16,14,10,0.625,0.0023132447965,0.0625,pedestrian:8;people:5;motor:2
0000022_01251_d_0000007.jpg,12,8,5,0.4166666666666667,0.005605708516583333,0.0,people:7;pedestrian:3;motor:2
0000023_00000_d_0000008.jpg,40,44,23,0.575,0.001060667628275,0.7,pedestrian:20;people:9;motor:8
0000023_00300_d_0000009.jpg,30,27,10,0.3333333333333333,0.0017072350746000003,0.5666666666666667,pedestrian:14;people:7;motor:7
0000023_00868_d_0000010.jpg,20,11,7,0.35,0.004830048024700001,0.2,pedestrian:10;people:5;motor:3
0000023_01233_d_0000011.jpg,14,15,6,0.42857142857142855,0.007118472321428572,0.0,people:7;pedestrian:5;motor:2
0000024_00000_d_0000012.jpg,21,13,10,0.47619047619047616,0.0020844346946666667,0.2857142857142857,pedestrian:13;motor:4;people:2
0000024_00500_d_0000013.jpg,10,3,2,0.2,0.0036927097453999997,0.0,people:4;pedestrian:3;motor:3
0000024_01000_d_0000014.jpg,12,5,3,0.25,0.0006148763503333334,0.75,pedestrian:10;awning-tricycle:1;motor:1
0000024_01543_d_0000015.jpg,8,7,5,0.625,0.003167436728375,0.0,pedestrian:7;motor:1
0000026_00000_d_0000024.jpg,8,8,8,1.0,0.01568858874175,0.0,car:6;pedestrian:1;van:1
0000026_00500_d_0000025.jpg,15,15,15,1.0,0.011009492361266665,0.06666666666666667,car:10;pedestrian:5
0000026_01000_d_0000026.jpg,25,25,22,0.88,0.011622562109959999,0.12,car:15;van:4;motor:3
0000026_01500_d_0000027.jpg,10,12,9,0.9,0.018373672251100003,0.0,car:9;pedestrian:1
0000026_02000_d_0000028.jpg,9,13,9,1.0,0.012490726020444445,0.0,car:9
0000026_02500_d_0000029.jpg,17,14,11,0.6470588235294118,0.004462768393411765,0.5294117647058824,pedestrian:12;car:2;van:2
0000026_03000_d_0000030.jpg,13,13,12,0.9230769230769231,0.01043307002669231,0.0,car:11;van:1;tricycle:1
0000026_03500_d_0000031.jpg,23,22,20,0.8695652173913043,0.011209657798826088,0.043478260869565216,car:18;pedestrian:2;van:2
0000026_04000_d_0000032.jpg,14,15,14,1.0,0.013193844428999998,0.0,car:12;van:1;motor:1
0000026_04500_d_0000033.jpg,47,47,28,0.5957446808510638,0.002126860952106383,0.5106382978723404,car:35;van:5;pedestrian:3
0000026_04978_d_0000034.jpg,45,40,27,0.6,0.0022784385804444445,0.35555555555555557,car:26;people:6;motor:4
0000055_00000_d_0000109.jpg,101,51,32,0.31683168316831684,0.0021659931583069307,0.2376237623762376,pedestrian:52;people:33;motor:13
0000055_00714_d_0000110.jpg,85,50,29,0.3411764705882353,0.0023876427759647054,0.24705882352941178,pedestrian:45;people:23;motor:13
0000069_00001_d_0000001.jpg,34,29,18,0.5294117647058824,0.0033099105925294115,0.20588235294117646,pedestrian:19;people:6;motor:5
0000069_00483_d_0000002.jpg,27,33,21,0.7777777777777778,0.003062950920407408,0.25925925925925924,pedestrian:23;people:3;bicycle:1
0000069_00713_d_0000003.jpg,49,29,20,0.40816326530612246,0.003143509455142857,0.4489795918367347,pedestrian:34;people:11;motor:4
0000069_01109_d_0000004.jpg,31,21,13,0.41935483870967744,0.0016271644140967742,0.1935483870967742,pedestrian:25;bicycle:3;motor:2
0000069_01878_d_0000005.jpg,36,32,25,0.6944444444444444,0.0032247136903888886,0.3333333333333333,pedestrian:30;people:5;bicycle:1
0000069_02163_d_0000006.jpg,49,28,20,0.40816326530612246,0.002473150665857143,0.3673469387755102,pedestrian:31;people:6;car:6
0000069_02480_d_0000007.jpg,64,36,27,0.421875,0.0016211786498124998,0.453125,pedestrian:40;car:18;people:5
0000072_02834_d_0000003.jpg,73,81,55,0.7534246575342466,0.001708372252178082,0.2876712328767123,pedestrian:58;people:11;motor:2
0000076_02142_d_0000009.jpg,11,16,8,0.7272727272727273,0.00666151872881818,0.36363636363636365,truck:6;pedestrian:3;people:1
0000081_00000_d_0000001.jpg,86,143,49,0.5697674418604651,0.0010047017477790698,0.6511627906976745,pedestrian:65;people:18;bicycle:3
0000086_00000_d_0000001.jpg,37,36,23,0.6216216216216216,0.0021472586388648646,0.24324324324324326,pedestrian:24;people:11;motor:2
0000086_00592_d_0000002.jpg,65,33,27,0.4153846153846154,0.001707295769830769,0.4461538461538462,pedestrian:38;people:25;bicycle:1
0000086_01084_d_0000003.jpg,146,77,45,0.3082191780821918,0.0008097081787534246,0.7123287671232876,pedestrian:112;people:32;bicycle:1
0000086_01443_d_0000004.jpg,107,90,59,0.5514018691588785,0.0009621417712242992,0.7102803738317757,pedestrian:83;people:20;motor:3
0000086_01954_d_0000005.jpg,173,91,58,0.3352601156069364,0.0006133253492312139,0.8092485549132948,pedestrian:124;people:43;motor:5
0000103_00180_d_0000026.jpg,1,1,1,1.0,0.016632140965,0.0,pedestrian:1
0000103_00502_d_0000027.jpg,3,4,2,0.6666666666666666,0.059046574011666665,0.0,pedestrian:2;car:1
0000103_01734_d_0000028.jpg,4,5,2,0.5,0.157323859363,0.0,car:3;pedestrian:1
0000103_02544_d_0000029.jpg,14,6,3,0.21428571428571427,0.010908927397428573,0.0,motor:7;people:3;bicycle:2
0000103_02964_d_0000030.jpg,10,8,4,0.4,0.039490181200999994,0.0,motor:4;pedestrian:1;people:1
0000103_03349_d_0000031.jpg,4,7,3,0.75,0.1056048952675,0.0,car:2;pedestrian:1;truck:1
0000103_03738_d_0000032.jpg,3,4,2,0.6666666666666666,0.058821646929,0.0,pedestrian:2;truck:1
0000103_04122_d_0000033.jpg,4,4,2,0.5,0.00379326196775,0.0,pedestrian:3;people:1
0000103_04513_d_0000034.jpg,2,3,2,1.0,0.010489685036999999,0.0,pedestrian:1;car:1
0000103_04948_d_0000035.jpg,1,1,0,0.0,0.06879476643600001,0.0,car:1
0000115_00315_d_0000080.jpg,61,16,15,0.2459016393442623,0.000846902663934426,0.8032786885245902,pedestrian:20;people:16;motor:12
0000115_00796_d_0000081.jpg,78,59,30,0.38461538461538464,0.0011747934433333333,0.6666666666666666,pedestrian:30;people:15;car:14
0000115_01031_d_0000082.jpg,63,53,27,0.42857142857142855,0.0013949813718730159,0.5873015873015873,motor:20;pedestrian:15;people:14
0000116_00351_d_0000083.jpg,74,51,35,0.47297297297297297,0.0011376963666756756,0.6216216216216216,people:19;motor:17;car:16
0000116_00819_d_0000084.jpg,36,32,15,0.4166666666666667,0.0019433704453888892,0.4722222222222222,car:11;motor:8;people:7
0000116_01059_d_0000085.jpg,70,44,28,0.4,0.0010854016567571428,0.7571428571428571,people:20;motor:20;pedestrian:14
0000116_01338_d_0000086.jpg,54,29,14,0.25925925925925924,0.001771510878203704,0.7962962962962963,pedestrian:16;motor:12;people:11
0000117_00112_d_0000087.jpg,129,63,46,0.35658914728682173,0.0009905201656201551,0.875968992248062,pedestrian:98;car:11;people:9
0000117_01326_d_0000088.jpg,62,85,32,0.5161290322580645,0.0015904693856774194,0.5483870967741935,pedestrian:34;car:16;people:6
0000117_01731_d_0000089.jpg,47,53,32,0.6808510638297872,0.002559463392255319,0.6170212765957447,pedestrian:20;car:16;people:6
0000117_02708_d_0000090.jpg,100,55,36,0.36,0.00110410747598,0.65,pedestrian:68;car:15;people:7
0000117_03096_d_0000091.jpg,24,61,17,0.7083333333333334,0.0035399862495000003,0.3333333333333333,car:9;pedestrian:7;people:2
0000129_02411_d_0000138.jpg,186,128,102,0.5483870967741935,0.0006999323860376344,0.7096774193548387,car:90;pedestrian:35;van:19
0000153_00001_d_0000001.jpg,55,30,23,0.41818181818181815,0.0013638472958727272,0.6545454545454545,car:18;people:16;motor:13
0000153_00401_d_0000001.jpg,59,46,28,0.4745762711864407,0.002350849476881356,0.6271186440677966,people:17;motor:17;car:15
0000153_00801_d_0000001.jpg,49,35,20,0.40816326530612246,0.0011085485741020406,0.7346938775510204,motor:14;pedestrian:13;car:9
0000153_01201_d_0000001.jpg,59,32,17,0.288135593220339,0.0004380806072033898,0.8813559322033898,people:24;motor:16;pedestrian:8
0000153_01601_d_0000001.jpg,63,36,28,0.4444444444444444,0.0010687954022222225,0.8571428571428571,people:25;motor:21;car:10
0000153_01801_d_0000001.jpg,55,36,22,0.4,0.0005395294921454547,0.8545454545454545,motor:26;people:20;car:5
0000154_00001_d_0000001.jpg,51,34,22,0.43137254901960786,0.0009272913670980395,0.7254901960784313,people:18;motor:15;car:8
0000154_00401_d_0000001.jpg,60,41,27,0.45,0.0008932616075166667,0.7,people:19;motor:18;car:7
0000154_00801_d_0000001.jpg,72,33,23,0.3194444444444444,0.0007924218878472222,0.8194444444444444,people:23;car:16;motor:16
0000154_01201_d_0000001.jpg,81,47,32,0.3950617283950617,0.0007538871913580247,0.7530864197530864,motor:27;people:23;car:12
0000154_01601_d_0000001.jpg,101,62,39,0.38613861386138615,0.0009905012227227723,0.7524752475247525,car:27;motor:26;people:24
0000154_02001_d_0000001.jpg,83,60,37,0.4457831325301205,0.0010977236013493977,0.6867469879518072,people:29;motor:19;car:15
0000155_00001_d_0000001.jpg,97,79,46,0.4742268041237113,0.0019232892317319588,0.6185567010309279,people:30;motor:23;car:17
0000155_00401_d_0000001.jpg,122,77,53,0.4344262295081967,0.001000541565147541,0.7295081967213115,people:43;motor:33;car:24
0000155_00801_d_0000001.jpg,106,87,53,0.5,0.0012852885049056603,0.7075471698113207,people:31;motor:31;car:23
0000155_01201_d_0000001.jpg,94,76,43,0.4574468085106383,0.0009043800987553189,0.7127659574468085,motor:35;people:28;car:15
0000155_01601_d_0000001.jpg,73,67,46,0.6301369863013698,0.001225822095369863,0.6301369863013698,motor:28;people:24;car:15
0000155_01871_d_0000001.jpg,55,45,19,0.34545454545454546,0.0012086144795272727,0.6909090909090909,pedestrian:16;motor:16;car:9
0000162_00001_d_0000001.jpg,34,28,20,0.5882352941176471,0.0020836775871470588,0.5882352941176471,car:12;people:8;motor:8
0000162_00401_d_0000001.jpg,45,38,23,0.5111111111111111,0.0011886994067333335,0.8,people:14;car:10;motor:10
0000162_00801_d_0000001.jpg,30,24,12,0.4,0.0025079085031,0.6,car:9;people:5;van:5
0000162_01058_d_0000001.jpg,57,32,18,0.3157894736842105,0.0011174704488947367,0.7543859649122807,people:17;motor:12;truck:8
0000163_00001_d_0000001.jpg,69,53,37,0.5362318840579711,0.001933625202956522,0.6811594202898551,people:22;motor:14;car:12
0000163_00359_d_0000001.jpg,54,35,21,0.3888888888888889,0.000766959189962963,0.9074074074074074,motor:15;pedestrian:12;people:12
0000165_04325_d_0000105.jpg,29,23,16,0.5517241379310345,0.0015637990641034485,0.6551724137931034,car:12;bicycle:10;people:5
0000166_00558_d_0000118.jpg,71,28,17,0.23943661971830985,0.002783679422859155,0.5633802816901409,people:21;car:16;bicycle:12
0000193_00000_d_0000103.jpg,63,49,33,0.5238095238095238,0.0011321479019841265,0.6666666666666666,people:25;motor:17;car:6
0000193_01497_d_0000111.jpg,87,100,48,0.5517241379310345,0.0015208369913563217,0.4942528735632184,people:33;motor:22;tricycle:13
0000193_01705_d_0000112.jpg,134,89,65,0.48507462686567165,0.0009728962640522388,0.7089552238805971,people:50;motor:44;car:11
0000193_01876_d_0000113.jpg,107,66,49,0.45794392523364486,0.0009968109528224298,0.7757009345794392,people:40;motor:35;car:10
0000193_02029_d_0000114.jpg,93,62,41,0.44086021505376344,0.0009614980768064516,0.7096774193548387,motor:36;people:34;pedestrian:7
0000193_02212_d_0000115.jpg,78,44,21,0.2692307692307692,0.0009047327402692309,0.7564102564102564,pedestrian:33;motor:27;tricycle:8
0000193_02416_d_0000116.jpg,50,36,18,0.36,0.0006510064807000001,0.86,people:21;motor:21;tricycle:4
0000193_02606_d_0000117.jpg,49,20,14,0.2857142857142857,0.0005301647014081633,0.8775510204081632,people:21;motor:20;pedestrian:4
0000193_02725_d_0000118.jpg,39,34,19,0.48717948717948717,0.0005760320216153846,0.8717948717948718,people:17;motor:17;car:2
0000194_00000_d_0000119.jpg,54,29,20,0.37037037037037035,0.0008230131916111111,0.7222222222222222,motor:15;car:13;people:11
0000194_00200_d_0000120.jpg,76,53,36,0.47368421052631576,0.0007641672220263158,0.8552631578947368,people:23;motor:20;car:18
0000194_00399_d_0000121.jpg,143,110,71,0.4965034965034965,0.0006495247207692307,0.8601398601398601,people:55;motor:37;car:15
0000194_00625_d_0000122.jpg,83,81,47,0.5662650602409639,0.0009931635002891565,0.7108433734939759,people:29;motor:25;car:14
0000194_00800_d_0000123.jpg,54,44,23,0.42592592592592593,0.0011825908243333334,0.7037037037037037,people:19;motor:15;van:9
0000194_00998_d_0000124.jpg,42,25,18,0.42857142857142855,0.0011515696749761907,0.7857142857142857,motor:19;people:13;car:4
0000194_01192_d_0000125.jpg,23,25,13,0.5652173913043478,0.0018631787741739132,0.7391304347826086,people:7;motor:7;car:5
0000196_04512_d_0000144.jpg,69,33,19,0.2753623188405797,0.0003080471872608696,0.9710144927536232,people:24;motor:21;pedestrian:11
0000199_01269_d_0000166.jpg,16,16,10,0.625,0.009406964614687503,0.375,car:8;truck:2;people:1
0000213_02500_d_0000240.jpg,94,54,32,0.3404255319148936,0.0005189892915,0.9042553191489362,car:47;pedestrian:12;van:11
0000213_02965_d_0000241.jpg,94,80,47,0.5,0.0015806528932765958,0.6595744680851063,car:61;pedestrian:13;motor:11
0000213_03478_d_0000242.jpg,115,90,63,0.5478260869565217,0.0017703060813130432,0.6173913043478261,car:44;pedestrian:24;motor:20
0000213_03920_d_0000243.jpg,164,112,74,0.45121951219512196,0.0018265173048597563,0.5975609756097561,pedestrian:58;car:46;people:23
0000213_04405_d_0000244.jpg,106,66,44,0.41509433962264153,0.002222976784603774,0.6037735849056604,car:44;pedestrian:29;people:14
0000213_04998_d_0000245.jpg,137,88,59,0.4306569343065693,0.0018221727178394159,0.6861313868613139,car:50;pedestrian:44;people:22
0000213_05340_d_0000246.jpg,138,98,66,0.4782608695652174,0.00159302644115942,0.6884057971014492,pedestrian:61;car:34;people:19
0000213_05745_d_0000247.jpg,101,73,59,0.5841584158415841,0.002077296553970297,0.5544554455445545,car:37;pedestrian:34;motor:15
0000215_00000_d_0000256.jpg,157,104,46,0.2929936305732484,0.0007294788578662419,0.8407643312101911,pedestrian:63;car:36;van:27
0000215_00447_d_0000257.jpg,53,76,39,0.7358490566037735,0.0021125022021698113,0.32075471698113206,car:38;pedestrian:7;van:7
0000215_00909_d_0000258.jpg,93,77,53,0.5698924731182796,0.001786925477333333,0.5806451612903226,car:40;awning-tricycle:18;pedestrian:11
0000215_01395_d_0000259.jpg,56,69,39,0.6964285714285714,0.002642851409232143,0.4107142857142857,car:32;pedestrian:6;van:5
0000215_01869_d_0000260.jpg,78,63,43,0.5512820512820513,0.0016930612860256412,0.6410256410256411,car:34;pedestrian:19;people:7
0000215_02319_d_0000261.jpg,107,94,50,0.4672897196261682,0.0014225200874766358,0.6822429906542056,car:39;pedestrian:29;awning-tricycle:17
0000215_02667_d_0000262.jpg,83,103,52,0.6265060240963856,0.0015648171383975903,0.5783132530120482,car:38;pedestrian:22;van:6
0000215_02932_d_0000263.jpg,48,39,30,0.625,0.0030045089159375002,0.375,car:29;pedestrian:7;van:5
0000215_03226_d_0000264.jpg,23,25,15,0.6521739130434783,0.0022136612592608697,0.5217391304347826,car:11;pedestrian:7;van:2
0000216_00520_d_0000001.jpg,109,71,54,0.4954128440366973,0.0005882263721834861,0.7431192660550459,car:50;people:18;bicycle:12
0000220_01242_d_0000004.jpg,37,20,14,0.3783783783783784,0.0010704062640540545,0.7837837837837838,car:16;truck:6;people:4
0000223_01802_d_0000005.jpg,64,46,34,0.53125,0.000631887229046875,0.796875,car:38;van:8;people:6
0000237_00001_d_0000001.jpg,15,7,5,0.3333333333333333,0.0014165387551333332,0.6,car:5;truck:4;tricycle:3
0000242_00001_d_0000001.jpg,42,35,23,0.5476190476190477,0.002763172285595238,0.5476190476190477,car:29;motor:6;bicycle:2
0000242_00500_d_0000002.jpg,53,33,24,0.4528301886792453,0.001363050140509434,0.6037735849056604,car:24;van:7;motor:7
0000242_00627_d_0000003.jpg,45,26,21,0.4666666666666667,0.0013969481035777775,0.7555555555555555,car:24;pedestrian:8;van:3
0000242_00843_d_0000004.jpg,2,3,2,1.0,0.08199078125,0.0,car:2
0000242_00963_d_0000005.jpg,13,9,5,0.38461538461538464,0.009599663574307693,0.15384615384615385,bicycle:4;car:4;tricycle:2
0000242_01139_d_0000006.jpg,72,54,36,0.5,0.0007301854225555555,0.8333333333333334,car:43;pedestrian:9;motor:6
0000242_01475_d_0000007.jpg,65,69,50,0.7692307692307693,0.0027593460042923076,0.5076923076923077,car:40;pedestrian:9;motor:5
0000242_01912_d_0000008.jpg,50,26,19,0.38,0.0003414728642000001,0.92,car:29;pedestrian:9;people:5
0000242_02400_d_0000009.jpg,34,35,23,0.6764705882352942,0.0011399886052058824,0.7647058823529411,car:16;pedestrian:9;bicycle:3
0000242_02762_d_0000010.jpg,33,30,27,0.8181818181818182,0.0016571396277575755,0.36363636363636365,car:21;people:4;motor:3
0000242_03199_d_0000011.jpg,9,6,5,0.5555555555555556,0.0015717136360000003,0.4444444444444444,car:5;tricycle:4
0000242_03668_d_0000012.jpg,41,26,20,0.4878048780487805,0.00311686007604878,0.5853658536585366,car:12;people:7;pedestrian:6
0000242_04116_d_0000013.jpg,8,5,4,0.5,0.001668595669375,0.625,car:3;pedestrian:2;people:1
0000242_04600_d_0000014.jpg,29,32,20,0.6896551724137931,0.002536450760931035,0.41379310344827586,car:18;people:4;motor:3
0000242_05059_d_0000015.jpg,37,11,10,0.2702702702702703,0.00047073082354054055,0.8648648648648649,car:10;motor:8;people:7
0000242_05570_d_0000016.jpg,32,20,17,0.53125,0.000838522901,0.75,car:16;motor:8;pedestrian:3
0000242_06010_d_0000017.jpg,41,12,8,0.1951219512195122,0.000286717808097561,0.926829268292683,car:26;pedestrian:6;truck:2
0000242_06452_d_0000018.jpg,12,11,5,0.4166666666666667,0.00124743141075,0.5833333333333334,car:6;truck:2;bus:2
0000244_00001_d_0000001.jpg,46,31,25,0.5434782608695652,0.0009200127465652176,0.8043478260869565,car:19;van:6;motor:5
0000244_00500_d_0000002.jpg,32,33,16,0.5,0.0009825295175,0.71875,car:20;awning-tricycle:5;motor:3
0000244_01000_d_0000003.jpg,122,41,22,0.18032786885245902,0.000526921601147541,0.860655737704918,car:52;pedestrian:18;van:13
0000244_01500_d_0000004.jpg,96,51,29,0.3020833333333333,0.0007222743340937499,0.6979166666666666,car:37;tricycle:23;awning-tricycle:14
0000244_02000_d_0000005.jpg,129,81,49,0.3798449612403101,0.0006886702154573642,0.7984496124031008,car:70;pedestrian:16;van:9
0000244_02500_d_0000006.jpg,113,72,45,0.39823008849557523,0.0006762638274424779,0.8053097345132744,car:50;pedestrian:17;van:11
0000244_03000_d_0000007.jpg,44,29,18,0.4090909090909091,0.0006684911502272728,0.75,car:22;pedestrian:6;motor:5
0000244_03500_d_0000008.jpg,146,51,31,0.21232876712328766,0.0009313154061917809,0.7671232876712328,car:61;pedestrian:24;tricycle:13
0000244_04000_d_0000009.jpg,56,92,28,0.5,0.0027623132013214285,0.6428571428571429,car:20;pedestrian:15;people:7
0000244_04400_d_0000010.jpg,101,77,47,0.46534653465346537,0.0017828098505841584,0.6039603960396039,pedestrian:30;car:30;tricycle:17
0000244_04900_d_0000011.jpg,106,107,64,0.6037735849056604,0.0021562699609056603,0.4811320754716981,car:59;pedestrian:13;tricycle:11
0000244_05400_d_0000012.jpg,90,64,43,0.4777777777777778,0.0008878594804444445,0.7444444444444445,car:47;pedestrian:16;van:7
0000244_05900_d_0000013.jpg,66,42,28,0.42424242424242425,0.0004375056865,0.8939393939393939,car:43;pedestrian:6;van:5
0000244_06388_d_0000014.jpg,46,31,23,0.5,0.000385552809652174,0.9565217391304348,car:35;pedestrian:2;van:2
0000249_00001_d_0000001.jpg,80,52,38,0.475,0.000741271898625,0.875,car:54;pedestrian:9;van:9
0000249_00235_d_0000002.jpg,85,59,33,0.38823529411764707,0.0010898711655764706,0.788235294117647,car:33;van:20;motor:12
0000249_00603_d_0000003.jpg,48,25,14,0.2916666666666667,0.0006047027022291667,0.8125,car:23;van:10;tricycle:6
0000249_01100_d_0000004.jpg,27,24,17,0.6296296296296297,0.0010214461276666666,0.7407407407407407,car:17;tricycle:5;motor:3
0000249_01514_d_0000005.jpg,51,38,30,0.5882352941176471,0.001424061179196078,0.6078431372549019,car:27;pedestrian:7;people:6
0000249_01635_d_0000006.jpg,80,41,29,0.3625,0.0005777386699375,0.8125,car:41;pedestrian:14;people:8
0000249_02073_d_0000007.jpg,67,32,23,0.34328358208955223,0.0006592608686865673,0.8507462686567164,car:33;people:11;motor:8
0000249_02468_d_0000008.jpg,18,16,5,0.2777777777777778,0.0020243850994444445,0.4444444444444444,car:11;people:3;motor:2
0000249_02900_d_0000009.jpg,101,65,46,0.45544554455445546,0.0008655519588019801,0.801980198019802,car:43;pedestrian:15;motor:13
0000249_03400_d_0000010.jpg,92,87,56,0.6086956521739131,0.0011646630401195652,0.6847826086956522,car:46;pedestrian:13;people:7
0000249_03900_d_0000011.jpg,85,48,33,0.38823529411764707,0.0009522514973647062,0.7176470588235294,car:47;van:9;truck:7
0000253_00001_d_0000001.jpg,106,115,79,0.7452830188679245,0.000508549117745283,0.9905660377358491,car:79;van:7;truck:6
0000256_00715_d_0000019.jpg,90,69,38,0.4222222222222222,0.0012561335755444441,0.8444444444444444,car:45;truck:12;pedestrian:11
0000256_02173_d_0000030.jpg,47,23,15,0.3191489361702128,0.001844298381170213,0.6170212765957447,car:17;van:10;truck:7
0000263_02401_d_0000179.jpg,17,17,12,0.7058823529411765,0.005720600910882354,0.35294117647058826,car:9;pedestrian:4;van:2
0000269_00001_d_0000348.jpg,128,70,50,0.390625,0.00061367633365625,0.828125,car:65;pedestrian:22;people:18
0000269_00201_d_0000349.jpg,47,82,41,0.8723404255319149,0.0017107790457021274,0.574468085106383,car:31;pedestrian:7;people:5
0000269_00601_d_0000351.jpg,93,84,61,0.6559139784946236,0.0008466664201935484,0.7741935483870968,car:54;pedestrian:13;people:13
0000271_00001_d_0000374.jpg,58,42,30,0.5172413793103449,0.0017738354913965516,0.6724137931034483,motor:22;pedestrian:16;people:5
0000271_00201_d_0000375.jpg,75,71,46,0.6133333333333333,0.0013541198530133333,0.64,motor:19;car:18;pedestrian:13
0000271_00401_d_0000376.jpg,25,19,9,0.36,0.0018320261274800001,0.68,pedestrian:7;truck:5;motor:5
0000271_00601_d_0000377.jpg,79,78,40,0.5063291139240507,0.0011032666452531646,0.7848101265822784,pedestrian:28;motor:18;car:16
0000271_00801_d_0000378.jpg,63,72,36,0.5714285714285714,0.0008636618875238094,0.7619047619047619,pedestrian:23;car:18;people:10
0000271_01201_d_0000379.jpg,59,62,30,0.5084745762711864,0.001682325207220339,0.6271186440677966,pedestrian:11;car:11;motor:8
0000271_01401_d_0000380.jpg,55,58,33,0.6,0.0018811459309272729,0.6545454545454545,pedestrian:19;car:16;tricycle:6
0000271_01601_d_0000381.jpg,48,40,25,0.5208333333333334,0.00127689403425,0.7083333333333334,car:16;pedestrian:12;van:6
0000271_02401_d_0000385.jpg,84,55,30,0.35714285714285715,0.0010707753941309524,0.7142857142857143,car:24;people:20;pedestrian:13
0000271_02601_d_0000386.jpg,79,65,41,0.5189873417721519,0.002030863912797468,0.6582278481012658,car:25;pedestrian:17;truck:13
0000271_03001_d_0000387.jpg,56,52,25,0.44642857142857145,0.0009791917022857143,0.7857142857142857,pedestrian:21;car:17;motor:10
0000271_03801_d_0000391.jpg,57,52,30,0.5263157894736842,0.001210667859877193,0.7192982456140351,pedestrian:19;car:14;people:7
0000271_04401_d_0000394.jpg,86,67,54,0.627906976744186,0.001395695461988372,0.6976744186046512,pedestrian:20;motor:19;car:16
0000271_04801_d_0000396.jpg,50,35,27,0.54,0.001104727213,0.68,car:19;pedestrian:8;motor:7
0000271_05001_d_0000397.jpg,90,55,24,0.26666666666666666,0.0008291794086555557,0.8666666666666667,motor:24;van:18;pedestrian:13
0000271_05201_d_0000398.jpg,70,74,45,0.6428571428571429,0.0015352742047142856,0.6285714285714286,car:27;motor:18;pedestrian:7
0000271_05401_d_0000399.jpg,71,54,42,0.5915492957746479,0.0014316933570422536,0.704225352112676,car:44;pedestrian:12;van:5
0000271_05601_d_0000400.jpg,86,77,55,0.6395348837209303,0.0011934695378837206,0.7790697674418605,car:57;motor:11;pedestrian:6
0000271_05801_d_0000401.jpg,104,95,68,0.6538461538461539,0.0017534794633173078,0.625,car:74;pedestrian:10;motor:8
0000271_06001_d_0000402.jpg,158,127,102,0.6455696202531646,0.0016478022906518987,0.6708860759493671,car:91;motor:25;pedestrian:24
0000271_06201_d_0000403.jpg,142,130,94,0.6619718309859155,0.0016386169901126762,0.6126760563380281,car:81;pedestrian:24;motor:21
0000271_06401_d_0000404.jpg,128,121,82,0.640625,0.0016072894393437502,0.578125,car:81;pedestrian:17;motor:14
0000271_06601_d_0000405.jpg,105,103,80,0.7619047619047619,0.002183390958095238,0.4,car:72;pedestrian:17;motor:6
0000271_06801_d_0000406.jpg,95,82,65,0.6842105263157895,0.002517319962621053,0.47368421052631576,car:49;pedestrian:18;motor:11
0000271_07001_d_0000407.jpg,58,42,24,0.41379310344827586,0.002262010328189655,0.7241379310344828,pedestrian:32;car:14;motor:8
0000271_07201_d_0000408.jpg,25,19,13,0.52,0.00084740683872,0.88,pedestrian:10;people:7;motor:4
0000271_07401_d_0000409.jpg,42,37,26,0.6190476190476191,0.0025055237626190477,0.40476190476190477,car:23;pedestrian:7;motor:5
0000273_05601_d_0000466.jpg,32,16,10,0.3125,0.00284930224746875,0.21875,car:21;truck:7;van:3
0000276_00001_d_0000507.jpg,55,36,23,0.41818181818181815,0.0015501894024181815,0.7818181818181819,pedestrian:24;car:12;van:8
0000276_00401_d_0000509.jpg,62,37,27,0.43548387096774194,0.0008607888083548387,0.8064516129032258,car:28;pedestrian:19;truck:9
0000276_00601_d_0000510.jpg,37,26,19,0.5135135135135135,0.001436682203189189,0.7567567567567568,car:14;pedestrian:11;truck:9
0000276_01001_d_0000512.jpg,42,23,14,0.3333333333333333,0.0009061750956666667,0.7142857142857143,car:18;truck:9;pedestrian:4
0000276_01201_d_0000513.jpg,29,16,14,0.4827586206896552,0.0014620403851724139,0.6896551724137931,car:11;truck:11;pedestrian:6
0000276_01401_d_0000514.jpg,25,11,8,0.32,0.0026517850888,0.72,truck:12;pedestrian:5;van:4
0000276_01801_d_0000516.jpg,21,10,5,0.23809523809523808,0.001152625139142857,0.9047619047619048,van:8;truck:7;car:3
0000276_02001_d_0000517.jpg,15,10,6,0.4,0.0004268878617333333,1.0,car:8;van:3;pedestrian:2
0000276_02201_d_0000518.jpg,41,22,19,0.4634146341463415,0.0014609768081707318,0.7073170731707317,car:21;truck:15;pedestrian:3
0000276_02401_d_0000519.jpg,48,14,12,0.25,0.0012123974360833333,0.8333333333333334,car:29;truck:13;pedestrian:4
0000276_02601_d_0000520.jpg,32,20,13,0.40625,0.0008251624719062499,0.8125,car:19;truck:8;pedestrian:2
0000276_02801_d_0000521.jpg,37,22,15,0.40540540540540543,0.001807414958783784,0.8648648648648649,car:15;truck:7;pedestrian:4
0000276_03001_d_0000522.jpg,38,22,16,0.42105263157894735,0.0007449578137894738,0.7894736842105263,car:22;pedestrian:8;truck:4
0000276_03201_d_0000523.jpg,60,25,8,0.13333333333333333,0.00048550129196666666,0.9,pedestrian:26;car:17;van:10
0000276_03401_d_0000524.jpg,61,27,17,0.2786885245901639,0.0005982719641967213,0.8852459016393442,car:27;pedestrian:21;truck:7
0000276_03601_d_0000525.jpg,46,27,18,0.391304347826087,0.0008529762334347825,0.782608695652174,pedestrian:20;car:17;van:4
0000276_03801_d_0000526.jpg,64,37,27,0.421875,0.001352605288,0.65625,car:36;pedestrian:15;truck:10
0000276_04001_d_0000527.jpg,54,22,12,0.2222222222222222,0.0010357121885,0.7407407407407407,car:34;truck:14;van:4
0000276_04201_d_0000528.jpg,59,90,42,0.711864406779661,0.0042616535047627115,0.4406779661016949,car:40;truck:11;van:5
0000276_04401_d_0000529.jpg,40,41,31,0.775,0.008125014504300001,0.15,car:27;truck:7;van:6
0000276_04601_d_0000530.jpg,10,8,4,0.4,0.0019996212485,0.8,car:5;truck:3;van:2
0000276_04801_d_0000531.jpg,10,5,5,0.5,0.004810549708299998,0.6,car:5;truck:3;people:1
0000276_05001_d_0000532.jpg,7,7,7,1.0,0.0009823213715714288,0.7142857142857143,car:7
0000276_05201_d_0000533.jpg,6,5,2,0.3333333333333333,0.0039026556685,0.5,car:6
0000276_05601_d_0000535.jpg,10,5,1,0.1,0.00020194009760000003,1.0,van:3;people:2;truck:2
0000276_05801_d_0000536.jpg,7,3,2,0.2857142857142857,0.0003888670628571428,1.0,car:3;truck:2;people:1
0000276_06001_d_0000537.jpg,14,6,5,0.35714285714285715,0.0007259561099285715,0.9285714285714286,car:8;truck:5;van:1
0000277_00001_d_0000539.jpg,85,74,34,0.4,0.0008882886874352943,0.7647058823529411,car:46;people:9;motor:9
0000277_00201_d_0000540.jpg,83,81,46,0.5542168674698795,0.0013997709292650604,0.6144578313253012,car:51;pedestrian:12;van:8
0000277_00401_d_0000541.jpg,117,59,33,0.28205128205128205,0.0007293387085726496,0.7948717948717948,car:37;pedestrian:24;people:15
0000277_01401_d_0000546.jpg,78,65,38,0.48717948717948717,0.001641577140076923,0.5384615384615384,car:36;pedestrian:10;people:7
0000277_01601_d_0000547.jpg,78,65,42,0.5384615384615384,0.0016289478011410256,0.6025641025641025,car:42;pedestrian:11;tricycle:8
0000277_01801_d_0000548.jpg,101,70,34,0.33663366336633666,0.001452931757920792,0.6138613861386139,car:33;van:23;pedestrian:20
0000277_02001_d_0000549.jpg,83,56,41,0.4939759036144578,0.004017999372108433,0.43373493975903615,car:38;pedestrian:17;people:9
0000277_02201_d_0000550.jpg,68,58,40,0.5882352941176471,0.002759334571044118,0.4852941176470588,car:40;pedestrian:9;people:4
0000277_02401_d_0000551.jpg,90,84,49,0.5444444444444444,0.0013935766894555555,0.6888888888888889,car:58;pedestrian:12;people:8
0000277_02601_d_0000552.jpg,121,88,51,0.4214876033057851,0.0009325634575123966,0.7768595041322314,car:62;pedestrian:18;people:11
0000277_03201_d_0000554.jpg,85,50,37,0.43529411764705883,0.0009285801214470588,0.7058823529411765,car:43;pedestrian:14;people:12
0000277_03401_d_0000555.jpg,103,73,52,0.5048543689320388,0.0011579950239902913,0.6990291262135923,car:58;pedestrian:13;motor:12
0000277_03601_d_0000556.jpg,59,62,41,0.6949152542372882,0.0021495450924067794,0.423728813559322,car:26;pedestrian:20;people:7
0000277_04001_d_0000558.jpg,74,72,49,0.6621621621621622,0.0022559180025,0.7162162162162162,car:41;pedestrian:26;people:2
0000277_04201_d_0000559.jpg,67,58,41,0.6119402985074627,0.002526338797432836,0.582089552238806,pedestrian:34;car:22;motor:6
0000277_04401_d_0000560.jpg,70,50,39,0.5571428571428572,0.0019466016890285717,0.4857142857142857,car:38;pedestrian:10;people:8
0000277_04601_d_0000561.jpg,95,78,51,0.5368421052631579,0.0015276004294315789,0.6631578947368421,car:59;pedestrian:13;people:8
0000277_05001_d_0000562.jpg,97,87,53,0.5463917525773195,0.0012498053700618556,0.6391752577319587,car:61;pedestrian:16;people:8
0000280_00001_d_0000612.jpg,87,69,42,0.4827586206896552,0.0015279576631724138,0.7586206896551724,car:32;pedestrian:26;motor:12
0000280_00201_d_0000613.jpg,47,46,31,0.6595744680851063,0.0022578443251063825,0.44680851063829785,car:19;motor:9;pedestrian:7
0000280_00401_d_0000614.jpg,59,48,27,0.4576271186440678,0.0021482311899152545,0.6101694915254238,car:24;pedestrian:10;people:9
0000280_00601_d_0000615.jpg,74,49,32,0.43243243243243246,0.0011160342159864864,0.7972972972972973,car:39;pedestrian:10;people:8
0000280_00801_d_0000616.jpg,70,71,35,0.5,0.0009750246078571428,0.6714285714285714,car:32;people:13;pedestrian:9
0000280_01001_d_0000617.jpg,125,75,48,0.384,0.0010412062635040001,0.816,car:71;people:15;pedestrian:14
0000280_01201_d_0000618.jpg,134,70,46,0.34328358208955223,0.0011365307527089552,0.7313432835820896,car:65;pedestrian:22;people:18
0000280_01401_d_0000619.jpg,110,77,51,0.4636363636363636,0.0018627992942454547,0.6636363636363637,car:64;pedestrian:19;people:10
0000280_01601_d_0000620.jpg,103,79,59,0.5728155339805825,0.00148768564615534,0.6990291262135923,car:66;van:12;pedestrian:9
0000280_01801_d_0000621.jpg,90,70,51,0.5666666666666667,0.0010558660535111113,0.8,car:63;people:6;van:6
0000280_02001_d_0000622.jpg,66,57,42,0.6363636363636364,0.0015307475304545456,0.6666666666666666,car:45;people:7;pedestrian:4
0000280_02201_d_0000623.jpg,80,57,44,0.55,0.00149771541475,0.7125,car:50;pedestrian:12;people:7
0000280_02401_d_0000624.jpg,92,65,35,0.3804347826086957,0.0012803702152608693,0.7282608695652174,car:35;van:25;pedestrian:10
0000280_02601_d_0000625.jpg,73,51,41,0.5616438356164384,0.0014872423012876714,0.6575342465753424,car:43;people:12;motor:8
0000280_02801_d_0000626.jpg,55,48,34,0.6181818181818182,0.0024278967015454547,0.5636363636363636,car:30;people:11;motor:8
0000280_03001_d_0000627.jpg,88,55,37,0.42045454545454547,0.0012536394115340908,0.6818181818181818,car:36;people:17;motor:14
0000280_03201_d_0000628.jpg,82,63,45,0.5487804878048781,0.0015122435689634145,0.6341463414634146,car:48;pedestrian:16;motor:10
0000280_03401_d_0000629.jpg,83,61,41,0.4939759036144578,0.0012760799472530124,0.6746987951807228,car:47;motor:11;people:8
0000283_00401_d_0000676.jpg,6,4,4,0.6666666666666666,0.003954169582666666,0.3333333333333333,car:4;pedestrian:1;people:1
0000283_00601_d_0000677.jpg,9,5,4,0.4444444444444444,0.00036881424044444443,0.7777777777777778,car:6;truck:2;van:1
0000283_00801_d_0000678.jpg,8,2,2,0.25,0.00021400176262499997,0.875,car:8
0000283_01001_d_0000679.jpg,4,4,4,1.0,0.0020605573785,0.75,car:4
0000287_00001_d_0000759.jpg,52,50,30,0.5769230769230769,0.0013049358002115384,0.7115384615384616,car:28;motor:7;people:6
0000287_00201_d_0000760.jpg,51,47,30,0.5882352941176471,0.0019621981962941177,0.5490196078431373,car:31;motor:6;people:3
0000287_00401_d_0000761.jpg,44,54,35,0.7954545454545454,0.0020568505357500006,0.5,car:36;pedestrian:2;van:2
0000287_00601_d_0000762.jpg,93,54,36,0.3870967741935484,0.0011206211193548388,0.7741935483870968,car:52;people:11;van:6
0000287_00801_d_0000763.jpg,58,55,35,0.603448275862069,0.002719080941862069,0.5862068965517241,car:30;people:9;motor:6
0000287_01001_d_0000764.jpg,71,49,19,0.2676056338028169,0.0016045528532676056,0.6901408450704225,car:17;van:16;people:14
0000287_01201_d_0000765.jpg,68,59,33,0.4852941176470588,0.0014446489334558827,0.6617647058823529,car:30;pedestrian:11;people:8
0000287_01401_d_0000766.jpg,68,44,33,0.4852941176470588,0.001204413646764706,0.6911764705882353,car:28;pedestrian:14;people:10
0000287_01601_d_0000767.jpg,74,39,29,0.3918918918918919,0.0007730774229189188,0.7837837837837838,car:31;pedestrian:16;motor:12
0000287_01801_d_0000768.jpg,56,56,30,0.5357142857142857,0.0010789948262857143,0.6964285714285714,car:28;pedestrian:17;motor:4
0000287_02001_d_0000769.jpg,44,40,29,0.6590909090909091,0.0019428734733636364,0.6363636363636364,car:20;pedestrian:10;motor:8
0000287_02201_d_0000770.jpg,27,13,11,0.4074074074074074,0.0015859649577407405,0.5555555555555556,car:13;pedestrian:4;motor:4
0000287_02401_d_0000771.jpg,18,18,13,0.7222222222222222,0.004999669223111111,0.3333333333333333,car:10;pedestrian:4;people:1
0000287_02601_d_0000772.jpg,44,27,20,0.45454545454545453,0.0014479129840681817,0.5454545454545454,car:19;motor:10;pedestrian:7
0000287_02801_d_0000773.jpg,60,48,35,0.5833333333333334,0.0021121540674333334,0.5333333333333333,car:22;motor:16;pedestrian:6
0000287_03001_d_0000774.jpg,18,20,15,0.8333333333333334,0.0050461330388333345,0.2222222222222222,car:11;pedestrian:4;van:2
0000287_03401_d_0000776.jpg,56,54,42,0.75,0.0018594992434285713,0.21428571428571427,car:43;motor:11;truck:1
0000287_04601_d_0000780.jpg,88,60,47,0.5340909090909091,0.0014197103461136363,0.5795454545454546,car:33;motor:21;pedestrian:12
0000287_04801_d_0000781.jpg,53,36,27,0.5094339622641509,0.0018973633346792453,0.4716981132075472,car:23;motor:11;pedestrian:10
0000287_05001_d_0000782.jpg,62,37,28,0.45161290322580644,0.0014989898018387096,0.5806451612903226,car:24;pedestrian:18;motor:10
0000289_00001_d_0000811.jpg,41,30,21,0.5121951219512195,0.0019347364682682927,0.5365853658536586,car:15;motor:9;pedestrian:6
0000289_00201_d_0000812.jpg,43,42,25,0.5813953488372093,0.0023315758508604648,0.46511627906976744,car:17;pedestrian:8;motor:7
0000289_00401_d_0000813.jpg,53,55,31,0.5849056603773585,0.003190845619226415,0.37735849056603776,car:20;pedestrian:14;motor:9
0000289_00601_d_0000814.jpg,43,42,24,0.5581395348837209,0.0025044947695581398,0.32558139534883723,car:16;pedestrian:12;motor:7
0000289_00801_d_0000815.jpg,39,28,20,0.5128205128205128,0.0024084638315897437,0.3076923076923077,pedestrian:11;car:11;van:6
0000289_01001_d_0000816.jpg,33,31,20,0.6060606060606061,0.003023632738272727,0.21212121212121213,car:16;pedestrian:5;motor:5
0000289_01201_d_0000817.jpg,43,33,19,0.4418604651162791,0.0022880792739534877,0.4186046511627907,car:15;motor:10;people:5
0000289_01401_d_0000818.jpg,39,48,23,0.5897435897435898,0.0035487877161538453,0.23076923076923078,car:15;motor:8;pedestrian:5
0000289_01601_d_0000819.jpg,44,48,25,0.5681818181818182,0.002676771479522727,0.45454545454545453,car:23;pedestrian:8;motor:7
0000289_02001_d_0000821.jpg,43,40,26,0.6046511627906976,0.002704283707534884,0.3953488372093023,car:23;pedestrian:12;bicycle:3
0000289_02201_d_0000822.jpg,29,21,15,0.5172413793103449,0.007487731759,0.2413793103448276,car:13;motor:8;people:5
0000289_02401_d_0000823.jpg,49,45,31,0.6326530612244898,0.001492757518591837,0.6530612244897959,car:21;motor:10;pedestrian:9
0000289_02601_d_0000824.jpg,58,45,35,0.603448275862069,0.001230912141051724,0.5862068965517241,car:24;motor:16;pedestrian:8
0000289_03001_d_0000826.jpg,61,44,32,0.5245901639344263,0.001751598667754098,0.5245901639344263,car:21;motor:20;pedestrian:5
0000289_03201_d_0000827.jpg,80,41,30,0.375,0.0017436301308375,0.5375,motor:30;car:20;people:11
0000289_03401_d_0000828.jpg,54,43,32,0.5925925925925926,0.00208582755412963,0.5740740740740741,car:16;motor:15;people:11
0000289_03601_d_0000829.jpg,77,48,26,0.33766233766233766,0.0012138302375714286,0.6753246753246753,pedestrian:30;motor:19;car:15
0000289_03801_d_0000830.jpg,100,33,22,0.22,0.0010812175762200003,0.74,pedestrian:42;motor:18;car:16
0000289_04001_d_0000831.jpg,80,48,27,0.3375,0.001828278196675,0.7625,pedestrian:26;motor:15;car:13
0000289_04201_d_0000832.jpg,88,81,40,0.45454545454545453,0.0009744080286477272,0.8295454545454546,pedestrian:35;motor:19;car:12
0000289_04401_d_0000833.jpg,100,91,50,0.5,0.0015604372487099997,0.67,pedestrian:38;motor:16;people:14
0000289_04601_d_0000834.jpg,93,89,57,0.6129032258064516,0.0017472706346344084,0.41935483870967744,pedestrian:45;motor:15;car:14
0000289_04801_d_0000835.jpg,71,46,33,0.4647887323943662,0.0013540314526760565,0.5633802816901409,pedestrian:21;car:18;people:11
0000289_05001_d_0000836.jpg,65,56,40,0.6153846153846154,0.002037529372123077,0.4153846153846154,car:19;pedestrian:18;motor:9
0000289_05201_d_0000837.jpg,79,53,39,0.4936708860759494,0.002072157739050633,0.5316455696202531,motor:22;car:21;pedestrian:20
0000289_05401_d_0000838.jpg,81,78,40,0.49382716049382713,0.002055928740259259,0.4074074074074074,pedestrian:22;motor:22;car:21
0000289_05601_d_0000839.jpg,107,79,51,0.4766355140186916,0.0015057442972149532,0.6728971962616822,car:38;motor:22;pedestrian:18
0000289_05801_d_0000840.jpg,78,68,39,0.5,0.001741673539141026,0.6282051282051282,car:42;pedestrian:16;people:10
0000289_06001_d_0000841.jpg,80,65,40,0.5,0.0016155097106249998,0.575,car:35;pedestrian:14;motor:11
0000289_06201_d_0000842.jpg,79,73,47,0.5949367088607594,0.002081007648898735,0.4936708860759494,car:38;pedestrian:13;people:11
0000289_06401_d_0000843.jpg,79,59,38,0.4810126582278481,0.0017913755839999996,0.6455696202531646,car:34;motor:14;pedestrian:13
0000289_06601_d_0000844.jpg,88,58,41,0.4659090909090909,0.001972701275522727,0.5909090909090909,car:33;motor:16;people:15
0000289_06801_d_0000845.jpg,98,60,43,0.4387755102040816,0.0009694174602142858,0.7959183673469388,car:35;motor:19;pedestrian:17
0000289_07001_d_0000846.jpg,74,31,26,0.35135135135135137,0.0015630133997297298,0.6081081081081081,car:22;pedestrian:17;motor:15
0000289_07201_d_0000847.jpg,40,45,24,0.6,0.0024754874653,0.45,car:20;motor:10;pedestrian:4
0000290_04001_d_0000867.jpg,79,74,54,0.6835443037974683,0.0013291304917468353,0.5949367088607594,car:39;pedestrian:12;van:7
0000291_00001_d_0000868.jpg,178,61,26,0.14606741573033707,0.0004960988757191011,0.8707865168539326,pedestrian:53;van:33;people:30
0000291_00201_d_0000869.jpg,113,58,32,0.2831858407079646,0.0007243721046194692,0.7964601769911505,pedestrian:31;car:24;motor:18
0000291_00401_d_0000870.jpg,166,66,34,0.20481927710843373,0.000652351162379518,0.8493975903614458,pedestrian:56;car:40;van:19
0000291_00601_d_0000871.jpg,120,84,50,0.4166666666666667,0.00188243265245,0.5333333333333333,pedestrian:39;car:27;van:18
0000291_01001_d_0000873.jpg,159,88,46,0.2893081761006289,0.0010283361941761007,0.7735849056603774,people:39;pedestrian:38;car:25
0000291_01201_d_0000874.jpg,212,130,63,0.2971698113207547,0.001088568387226415,0.6462264150943396,pedestrian:69;people:45;car:29
0000291_01401_d_0000875.jpg,154,86,54,0.35064935064935066,0.0009907787960584417,0.7467532467532467,pedestrian:43;motor:27;people:25
0000291_01601_d_0000876.jpg,87,69,34,0.39080459770114945,0.002800598247344827,0.4367816091954023,pedestrian:24;people:23;car:14
0000291_01801_d_0000877.jpg,113,161,70,0.6194690265486725,0.0025238265181858404,0.45132743362831856,car:59;pedestrian:18;people:15
0000291_02001_d_0000878.jpg,172,131,77,0.4476744186046512,0.0017259018067151165,0.5058139534883721,pedestrian:47;car:40;people:37
0000291_02201_d_0000879.jpg,149,131,63,0.4228187919463087,0.0015650338850335568,0.5167785234899329,car:37;pedestrian:32;people:30
0000291_02601_d_0000881.jpg,178,160,84,0.47191011235955055,0.001236497355966292,0.6179775280898876,car:54;pedestrian:40;people:36
0000291_03201_d_0000884.jpg,229,156,89,0.388646288209607,0.0008995697325240178,0.74235807860262,car:76;pedestrian:66;van:29
0000291_03401_d_0000885.jpg,187,121,66,0.35294117647058826,0.0019442305418609627,0.5935828877005348,pedestrian:78;people:48;car:25
0000291_03601_d_0000886.jpg,112,92,25,0.22321428571428573,0.0021681085954375,0.44642857142857145,people:50;pedestrian:23;car:15
0000291_03801_d_0000887.jpg,191,74,30,0.15706806282722513,0.0011568238432670159,0.675392670157068,pedestrian:75;people:75;motor:16
0000291_04001_d_0000888.jpg,108,120,54,0.5,0.0019289200458888892,0.4166666666666667,car:29;pedestrian:26;people:20
0000291_04201_d_0000889.jpg,111,115,60,0.5405405405405406,0.001833000110918919,0.43243243243243246,car:34;pedestrian:24;motor:16
0000291_04401_d_0000890.jpg,126,116,60,0.47619047619047616,0.0017391509503809522,0.42857142857142855,car:37;pedestrian:26;people:21
0000291_05001_d_0000892.jpg,135,87,49,0.362962962962963,0.0015324598014296298,0.5481481481481482,car:36;pedestrian:34;people:30
0000291_05201_d_0000893.jpg,207,161,85,0.4106280193236715,0.0010187179918647344,0.7053140096618358,car:69;pedestrian:51;people:34
0000293_03601_d_0000940.jpg,117,91,57,0.48717948717948717,0.0007264464025897437,0.8034188034188035,car:53;people:23;bicycle:15
0000295_00000_d_0000021.jpg,130,77,49,0.3769230769230769,0.0006159980614615385,0.8923076923076924,car:67;pedestrian:22;bicycle:14
0000295_00200_d_0000022.jpg,78,95,60,0.7692307692307693,0.001409048022653846,0.6923076923076923,car:47;pedestrian:20;people:3
0000295_00600_d_0000024.jpg,186,95,74,0.3978494623655914,0.0005283941348387096,0.8924731182795699,pedestrian:91;car:67;bicycle:10
0000295_00800_d_0000025.jpg,147,131,75,0.5102040816326531,0.0009436385547482993,0.8299319727891157,pedestrian:84;car:34;people:11
0000295_01000_d_0000026.jpg,251,101,65,0.2589641434262948,0.000534295392306773,0.900398406374502,car:102;pedestrian:90;bicycle:24
0000295_01200_d_0000027.jpg,200,139,79,0.395,0.00044193949377499997,0.915,pedestrian:100;car:67;people:12
0000295_01400_d_0000028.jpg,189,167,101,0.5343915343915344,0.0005404096133439153,0.9153439153439153,pedestrian:83;car:81;bicycle:9
0000295_01600_d_0000029.jpg,138,189,92,0.6666666666666666,0.0009003146416521739,0.7681159420289855,car:67;pedestrian:41;people:11
0000295_01800_d_0000030.jpg,306,181,110,0.35947712418300654,0.0005453918387450981,0.8856209150326797,car:134;pedestrian:93;bicycle:30
0000295_02000_d_0000031.jpg,311,195,133,0.42765273311897106,0.0006124187513054663,0.842443729903537,car:121;pedestrian:120;bicycle:25
0000295_02200_d_0000032.jpg,193,214,104,0.538860103626943,0.001038260153435233,0.7046632124352331,car:84;pedestrian:46;people:19
0000295_02400_d_0000033.jpg,317,222,116,0.3659305993690852,0.0006395198203848581,0.886435331230284,pedestrian:172;car:86;bicycle:30
0000295_02900_d_0000034.jpg,212,165,116,0.5471698113207547,0.0010250457145377359,0.8113207547169812,car:89;pedestrian:68;people:25
0000296_00601_d_0000038.jpg,91,66,42,0.46153846153846156,0.0029401498074065934,0.6153846153846154,pedestrian:39;car:30;bicycle:18
0000296_01001_d_0000040.jpg,181,145,89,0.49171270718232046,0.001791650536403315,0.7071823204419889,pedestrian:77;car:55;bicycle:25
0000300_03201_d_0000154.jpg,66,54,38,0.5757575757575758,0.0016365659450606057,0.6060606060606061,car:33;pedestrian:12;people:12
0000301_00001_d_0000156.jpg,96,49,34,0.3541666666666667,0.00237536686990625,0.6770833333333334,car:28;people:24;pedestrian:21
0000301_00201_d_0000157.jpg,90,56,36,0.4,0.002455871611033333,0.5777777777777777,car:28;pedestrian:27;people:19
0000301_01001_d_0000161.jpg,64,46,23,0.359375,0.001518946499765625,0.75,car:28;pedestrian:11;people:9
0000301_01201_d_0000162.jpg,61,43,24,0.39344262295081966,0.0027755557062622946,0.6557377049180327,car:24;pedestrian:15;people:9
0000303_03401_d_0000200.jpg,82,42,33,0.4024390243902439,0.0007714434043414633,0.7804878048780488,car:32;pedestrian:23;people:12
0000308_04401_d_0000327.jpg,98,81,59,0.6020408163265306,0.001686802647581633,0.7040816326530612,pedestrian:36;car:26;motor:14
0000312_00001_d_0000414.jpg,112,102,70,0.625,0.0018024835767500003,0.5267857142857143,car:49;pedestrian:20;people:13
0000312_00201_d_0000415.jpg,108,103,75,0.6944444444444444,0.0026153926784722222,0.5185185185185185,car:49;pedestrian:25;motor:14
0000312_00601_d_0000417.jpg,59,40,36,0.6101694915254238,0.002934618719491526,0.5084745762711864,car:28;pedestrian:12;people:8
0000312_01001_d_0000419.jpg,80,67,49,0.6125,0.0030052887872,0.5375,car:33;pedestrian:17;bicycle:11
0000312_01201_d_0000420.jpg,82,64,51,0.6219512195121951,0.002506563533890244,0.5365853658536586,car:32;pedestrian:17;bicycle:11
0000312_02201_d_0000425.jpg,78,69,48,0.6153846153846154,0.0016361815604230777,0.5384615384615384,car:33;pedestrian:23;motor:9
0000312_02401_d_0000426.jpg,80,56,48,0.6,0.0023554290460375,0.525,car:32;pedestrian:17;motor:11
0000312_04201_d_0000435.jpg,80,67,52,0.65,0.0018694023916875,0.625,car:29;pedestrian:20;people:14
0000313_06401_d_0000468.jpg,91,59,41,0.45054945054945056,0.0003082391323736264,0.9340659340659341,car:47;pedestrian:16;motor:11
0000313_06601_d_0000469.jpg,165,90,57,0.34545454545454546,0.00028989435817575757,0.9454545454545454,car:96;pedestrian:34;van:11
0000313_07001_d_0000471.jpg,5,4,2,0.4,0.0008256426672,0.8,car:5
0000315_01601_d_0000509.jpg,98,60,39,0.3979591836734694,0.0006012599194591837,0.8367346938775511,car:34;pedestrian:30;motor:10
0000316_00001_d_0000519.jpg,69,27,16,0.2318840579710145,0.0005485767484202897,0.8840579710144928,car:17;pedestrian:16;motor:14
0000316_00201_d_0000520.jpg,54,31,18,0.3333333333333333,0.0009843086218518518,0.6851851851851852,car:15;pedestrian:13;motor:9
0000316_00401_d_0000521.jpg,23,10,6,0.2608695652173913,0.0023129426489565215,0.4782608695652174,car:16;pedestrian:3;van:3
0000316_00601_d_0000522.jpg,35,23,16,0.45714285714285713,0.000796061720057143,0.8285714285714286,car:14;people:6;pedestrian:5
0000316_00801_d_0000523.jpg,27,36,9,0.3333333333333333,0.0008533040153703702,0.8148148148148148,car:9;pedestrian:4;van:4
0000316_01001_d_0000524.jpg,18,7,3,0.16666666666666666,0.0009287600244444445,0.8333333333333334,motor:7;pedestrian:6;car:4
0000316_01201_d_0000525.jpg,43,42,26,0.6046511627906976,0.0016874327979767437,0.6046511627906976,pedestrian:15;car:12;people:5
0000316_01401_d_0000526.jpg,34,32,24,0.7058823529411765,0.0026814994262647058,0.5588235294117647,pedestrian:12;car:10;people:4
0000316_01601_d_0000527.jpg,29,25,19,0.6551724137931034,0.002212744624413793,0.5862068965517241,pedestrian:14;car:7;people:2
0000316_01801_d_0000528.jpg,11,10,9,0.8181818181818182,0.004333047779272727,0.09090909090909091,car:4;motor:4;pedestrian:2
0000316_02001_d_0000529.jpg,9,5,4,0.4444444444444444,0.002201612574777778,0.4444444444444444,pedestrian:3;car:2;people:1
0000316_02201_d_0000530.jpg,7,5,5,0.7142857142857143,0.002652414302857143,0.2857142857142857,pedestrian:5;car:2
0000323_02601_d_0000645.jpg,91,71,49,0.5384615384615384,0.0012357451084395606,0.8021978021978022,car:48;van:15;pedestrian:14
0000327_00001_d_0000711.jpg,70,62,40,0.5714285714285714,0.0012863876300285716,0.6714285714285714,car:26;pedestrian:16;motor:7
0000327_00201_d_0000712.jpg,60,59,39,0.65,0.0015528667627833334,0.6333333333333333,car:31;pedestrian:13;van:5
0000327_00401_d_0000713.jpg,64,46,35,0.546875,0.0010675893326718752,0.65625,pedestrian:23;car:23;motor:6
0000327_00601_d_0000714.jpg,84,74,49,0.5833333333333334,0.0011536641756309525,0.6904761904761905,car:35;pedestrian:19;motor:11
0000327_00801_d_0000715.jpg,84,85,63,0.75,0.0016856590192499998,0.6904761904761905,car:39;pedestrian:14;people:9
0000327_01001_d_0000716.jpg,83,83,55,0.6626506024096386,0.0011094115036144577,0.6144578313253012,car:48;pedestrian:19;motor:12
0000327_01201_d_0000717.jpg,69,61,45,0.6521739130434783,0.002418770203405797,0.4927536231884058,car:38;motor:10;people:9
0000327_01401_d_0000718.jpg,93,65,44,0.4731182795698925,0.001280894891376344,0.7634408602150538,car:40;pedestrian:21;people:10
0000327_01801_d_0000720.jpg,62,56,37,0.5967741935483871,0.0009609965331290322,0.7741935483870968,car:23;pedestrian:16;motor:10
0000327_02601_d_0000724.jpg,57,55,32,0.5614035087719298,0.0009502913613684211,0.7543859649122807,car:25;pedestrian:22;people:5
0000327_02801_d_0000725.jpg,73,58,47,0.6438356164383562,0.0013213171295342466,0.6575342465753424,car:27;pedestrian:19;people:13
0000327_03001_d_0000726.jpg,75,49,38,0.5066666666666667,0.0009713713049600001,0.7466666666666667,car:30;pedestrian:21;people:8
0000327_03201_d_0000727.jpg,110,46,23,0.20909090909090908,0.0006667539861454546,0.8181818181818182,car:41;pedestrian:23;van:17
0000327_03401_d_0000728.jpg,75,48,27,0.36,0.0012200040382533335,0.7466666666666667,car:25;pedestrian:20;people:10
0000327_03601_d_0000729.jpg,60,42,36,0.6,0.0012784325627333332,0.7833333333333333,car:32;people:9;pedestrian:5
0000327_03801_d_0000730.jpg,103,77,53,0.5145631067961165,0.0008670949410776698,0.8252427184466019,car:44;pedestrian:32;people:9
0000327_04001_d_0000731.jpg,136,82,51,0.375,0.0006422862056691176,0.8676470588235294,car:47;pedestrian:34;people:19
0000327_04201_d_0000732.jpg,110,83,54,0.4909090909090909,0.0007986170205545454,0.7818181818181819,pedestrian:35;car:32;people:13
0000330_00001_d_0000800.jpg,80,58,44,0.55,0.0012914739841625,0.6875,car:52;pedestrian:20;motor:3
0000330_00201_d_0000801.jpg,130,83,49,0.3769230769230769,0.0010636452814076923,0.7846153846153846,car:53;pedestrian:32;van:23
0000330_00401_d_0000802.jpg,112,70,47,0.41964285714285715,0.0010457628233750001,0.7857142857142857,car:54;pedestrian:28;people:10
0000330_00601_d_0000803.jpg,94,58,40,0.425531914893617,0.0011383278133617022,0.7659574468085106,car:64;pedestrian:14;van:5
0000330_00801_d_0000804.jpg,93,83,59,0.6344086021505376,0.0013566671296021508,0.6236559139784946,car:57;pedestrian:11;motor:9
0000330_01001_d_0000805.jpg,93,54,43,0.46236559139784944,0.001419789186172043,0.7311827956989247,car:53;pedestrian:22;people:7
0000330_01201_d_0000806.jpg,110,77,52,0.4727272727272727,0.0012027385146454541,0.7272727272727273,car:55;pedestrian:24;motor:11
0000330_01401_d_0000807.jpg,161,105,78,0.484472049689441,0.001131348905962733,0.7018633540372671,car:56;pedestrian:37;motor:31
0000330_01601_d_0000808.jpg,99,77,58,0.5858585858585859,0.0009357798949696971,0.7777777777777778,car:47;pedestrian:20;motor:17
0000330_01801_d_0000809.jpg,64,52,38,0.59375,0.0016034996335625,0.59375,car:21;pedestrian:16;people:13
0000330_02001_d_0000810.jpg,57,45,35,0.6140350877192983,0.0015134371120877192,0.6140350877192983,car:33;pedestrian:13;motor:5
0000330_02201_d_0000811.jpg,44,48,29,0.6590909090909091,0.0019819103487272727,0.5909090909090909,pedestrian:12;car:11;van:8
0000330_02801_d_0000814.jpg,45,47,36,0.8,0.0019014648860444443,0.6222222222222222,car:17;pedestrian:12;motor:8
0000330_03001_d_0000815.jpg,45,43,32,0.7111111111111111,0.0018203488202444447,0.6222222222222222,car:20;pedestrian:12;people:6
0000330_03201_d_0000816.jpg,69,63,43,0.6231884057971014,0.0028768747825507245,0.42028985507246375,car:26;pedestrian:18;people:9
0000330_04001_d_0000820.jpg,38,40,28,0.7368421052631579,0.003672319648184211,0.2631578947368421,motor:11;people:9;pedestrian:8
0000330_04201_d_0000821.jpg,162,103,73,0.4506172839506173,0.0012294924360246914,0.7962962962962963,pedestrian:55;motor:49;car:27
0000330_04401_d_0000822.jpg,38,35,23,0.6052631578947368,0.001454878847078947,0.6052631578947368,car:13;people:8;pedestrian:7
0000330_04601_d_0000823.jpg,62,38,26,0.41935483870967744,0.001138411137403226,0.8225806451612904,car:24;motor:14;pedestrian:9
0000333_00001_d_0000001.jpg,68,54,36,0.5294117647058824,0.0010400250587499999,0.5147058823529411,car:36;pedestrian:18;motor:7
0000333_01765_d_0000010.jpg,120,60,52,0.43333333333333335,0.0005350414683916667,0.7166666666666667,car:44;motor:37;pedestrian:28
0000333_01961_d_0000011.jpg,65,55,44,0.676923076923077,0.0009247934491076923,0.6,car:39;motor:8;pedestrian:5
0000333_02157_d_0000012.jpg,67,60,45,0.6716417910447762,0.0008579200030895522,0.47761194029850745,car:38;motor:17;van:7
0000333_02353_d_0000013.jpg,70,46,35,0.5,0.0006473599188428571,0.6,car:29;pedestrian:19;motor:11
0000333_02549_d_0000014.jpg,91,49,36,0.3956043956043956,0.0005616484402637363,0.7472527472527473,car:31;pedestrian:23;motor:12
0000333_02745_d_0000015.jpg,52,34,27,0.5192307692307693,0.0006000435613653846,0.6730769230769231,car:24;pedestrian:10;people:8
0000333_02941_d_0000016.jpg,44,28,24,0.5454545454545454,0.0007733248627045455,0.5454545454545454,car:23;pedestrian:9;bicycle:4
0000333_03137_d_0000017.jpg,39,30,21,0.5384615384615384,0.0006198057813076924,0.6153846153846154,car:23;people:8;pedestrian:3
0000333_03333_d_0000018.jpg,62,53,43,0.6935483870967742,0.0008282616392741934,0.5645161290322581,car:38;pedestrian:7;motor:6
0000333_03529_d_0000019.jpg,95,63,45,0.47368421052631576,0.0007167573358842106,0.5789473684210527,car:41;people:18;motor:11
0000333_03725_d_0000020.jpg,83,63,44,0.5301204819277109,0.0007505663880361445,0.6024096385542169,car:41;pedestrian:12;motor:10
0000335_00001_d_0000043.jpg,41,32,27,0.6585365853658537,0.003582604316804878,0.3902439024390244,car:15;pedestrian:9;people:5
0000335_00197_d_0000044.jpg,37,30,21,0.5675675675675675,0.0027312761427567564,0.5945945945945946,pedestrian:9;car:9;people:7
0000335_00393_d_0000045.jpg,34,25,18,0.5294117647058824,0.003878852810441177,0.35294117647058826,pedestrian:11;car:9;tricycle:6
0000335_00589_d_0000046.jpg,21,22,17,0.8095238095238095,0.0026469630540476193,0.3333333333333333,car:9;pedestrian:6;people:2
0000335_00785_d_0000047.jpg,34,25,18,0.5294117647058824,0.0013619764657941175,0.7058823529411765,car:15;motor:7;pedestrian:6
0000335_00981_d_0000048.jpg,78,33,25,0.32051282051282054,0.0003226692124102564,0.9102564102564102,car:46;pedestrian:12;motor:8
0000335_01765_d_0000052.jpg,61,45,36,0.5901639344262295,0.0009212094185737705,0.7868852459016393,car:31;pedestrian:10;people:9
0000335_01961_d_0000053.jpg,69,57,45,0.6521739130434783,0.0009669951762463767,0.7681159420289855,car:27;people:16;motor:11
0000335_02353_d_0000055.jpg,82,67,45,0.5487804878048781,0.0008786033017317072,0.7682926829268293,car:35;people:19;motor:14
0000335_02549_d_0000056.jpg,87,53,37,0.42528735632183906,0.0006928491557816091,0.8505747126436781,car:36;people:20;motor:13
0000335_02745_d_0000057.jpg,99,77,53,0.5353535353535354,0.0008087418647272727,0.8484848484848485,car:31;people:25;motor:18
0000335_03137_d_0000059.jpg,103,67,51,0.49514563106796117,0.0007962954086990292,0.7766990291262136,car:45;people:20;motor:15
0000335_03333_d_0000060.jpg,40,44,31,0.775,0.0044494658894499994,0.45,car:13;pedestrian:9;people:8
0000335_03725_d_0000062.jpg,27,29,23,0.8518518518518519,0.005166598219148148,0.14814814814814814,car:13;pedestrian:4;van:4
0000335_03921_d_0000063.jpg,44,40,36,0.8181818181818182,0.003778180444909091,0.20454545454545456,car:25;pedestrian:6;people:6
0000335_04117_d_0000064.jpg,28,31,26,0.9285714285714286,0.004842885048535714,0.25,car:18;pedestrian:5;people:2
0000335_04313_d_0000065.jpg,38,36,27,0.7105263157894737,0.002295680491342105,0.4473684210526316,car:21;pedestrian:9;people:3
0000335_05097_d_0000069.jpg,20,20,13,0.65,0.0044301749781000006,0.4,car:12;pedestrian:5;motor:2
0000335_05685_d_0000072.jpg,15,14,12,0.8,0.008424239206733334,0.06666666666666667,car:10;pedestrian:2;people:2
0000335_06469_d_0000076.jpg,8,8,7,0.875,0.004456457357125,0.5,pedestrian:3;car:3;van:1
0000335_06665_d_0000077.jpg,21,17,17,0.8095238095238095,0.005837782923,0.14285714285714285,car:11;pedestrian:5;people:2
0000335_06861_d_0000078.jpg,24,25,22,0.9166666666666666,0.004600031088791667,0.4166666666666667,car:9;pedestrian:6;people:4
0000342_00393_d_0000244.jpg,133,88,55,0.41353383458646614,0.0008258539225413533,0.849624060150376,car:50;pedestrian:38;people:12
0000345_07057_d_0000345.jpg,108,71,44,0.4074074074074074,0.0007425003715925927,0.7962962962962963,pedestrian:41;people:24;car:17
0000346_00001_d_0000346.jpg,82,82,54,0.6585365853658537,0.0031262864565487804,0.4268292682926829,car:43;pedestrian:22;bicycle:5
0000346_01961_d_0000356.jpg,71,69,38,0.5352112676056338,0.001443162928197183,0.6197183098591549,car:25;van:17;people:13
0000346_02549_d_0000359.jpg,59,74,44,0.7457627118644068,0.003683803622932203,0.3898305084745763,car:26;pedestrian:13;people:6
0000346_03921_d_0000366.jpg,50,47,31,0.62,0.0029192973697600003,0.48,car:21;pedestrian:9;people:7
0000346_07057_d_0000382.jpg,87,88,54,0.6206896551724138,0.0010709199778505749,0.5747126436781609,car:38;pedestrian:20;people:14
0000348_00589_d_0000409.jpg,34,34,20,0.5882352941176471,0.0012872554681764706,0.7647058823529411,pedestrian:18;people:5;tricycle:3
0000348_03333_d_0000423.jpg,15,13,9,0.6,0.0013553105222666665,0.26666666666666666,pedestrian:10;people:2;bicycle:1
0000356_00589_d_0000632.jpg,121,101,60,0.49586776859504134,0.0013074761529669424,0.7603305785123967,car:47;people:26;motor:21
0000356_01177_d_0000635.jpg,88,75,47,0.5340909090909091,0.0017589170195681817,0.6590909090909091,car:33;pedestrian:18;people:14
0000356_01569_d_0000637.jpg,100,64,38,0.38,0.0012654669168499998,0.72,pedestrian:42;car:35;motor:10
0000356_01765_d_0000638.jpg,84,62,40,0.47619047619047616,0.0015957565615595242,0.6428571428571429,car:40;pedestrian:14;people:10
0000356_01961_d_0000639.jpg,111,78,40,0.36036036036036034,0.0012417259034504505,0.7567567567567568,car:32;pedestrian:25;motor:22
0000356_02157_d_0000640.jpg,54,73,36,0.6666666666666666,0.0018677448191296295,0.5555555555555556,car:30;people:8;pedestrian:7
0000356_02353_d_0000641.jpg,106,74,43,0.4056603773584906,0.0008721786872547169,0.7547169811320755,car:27;pedestrian:23;motor:23
0000356_02745_d_0000643.jpg,97,58,30,0.30927835051546393,0.0013987654076907216,0.7628865979381443,car:31;motor:21;pedestrian:19
0000356_02941_d_0000644.jpg,108,62,21,0.19444444444444445,0.0010540357660185186,0.8240740740740741,pedestrian:28;motor:22;van:17
0000356_03333_d_0000646.jpg,80,61,33,0.4125,0.0010688205133875,0.6875,car:27;pedestrian:17;people:17
0000356_03529_d_0000647.jpg,81,65,38,0.4691358024691358,0.0013845827818395062,0.6296296296296297,car:33;people:14;pedestrian:11
0000356_03725_d_0000648.jpg,94,53,35,0.3723404255319149,0.0012249865140425533,0.6702127659574468,car:32;motor:20;pedestrian:19
0000356_03921_d_0000649.jpg,72,55,35,0.4861111111111111,0.0011491438214027779,0.6805555555555556,car:28;pedestrian:15;people:15
0000356_04117_d_0000650.jpg,93,56,37,0.3978494623655914,0.0013786135424408603,0.7526881720430108,motor:25;car:21;pedestrian:19
0000356_04313_d_0000651.jpg,99,62,45,0.45454545454545453,0.0008827214037272728,0.7373737373737373,car:41;pedestrian:18;motor:15
0000356_04705_d_0000653.jpg,70,85,38,0.5428571428571428,0.0011204449976714287,0.7571428571428571,car:34;pedestrian:12;people:12
0000356_04901_d_0000654.jpg,102,62,39,0.38235294117647056,0.0010889646817156863,0.7941176470588235,car:36;pedestrian:27;motor:19
0000356_05097_d_0000655.jpg,114,79,46,0.40350877192982454,0.0008908337732807018,0.8070175438596491,car:34;motor:33;pedestrian:20
0000358_03333_d_0000697.jpg,93,66,49,0.5268817204301075,0.0010744821479569892,0.7956989247311828,car:47;people:15;pedestrian:9
0000359_00393_d_0000701.jpg,39,29,20,0.5128205128205128,0.0008982506320256411,0.6666666666666666,car:12;people:10;pedestrian:8
0000359_00589_d_0000702.jpg,39,43,26,0.6666666666666666,0.002451868463179487,0.48717948717948717,car:15;people:10;motor:6
0000359_00785_d_0000703.jpg,30,38,22,0.7333333333333333,0.004713507015233334,0.26666666666666666,car:18;people:4;pedestrian:3
0000359_00981_d_0000704.jpg,33,54,24,0.7272727272727273,0.003889724092727273,0.18181818181818182,car:21;pedestrian:7;bicycle:2
0000359_01177_d_0000705.jpg,59,88,41,0.6949152542372882,0.0034850191322203386,0.3389830508474576,car:39;pedestrian:11;van:5
0000359_01373_d_0000706.jpg,12,12,9,0.75,0.014300493766833336,0.0,car:8;pedestrian:4
0000359_01961_d_0000707.jpg,18,21,14,0.7777777777777778,0.0074612276256111115,0.0,car:13;pedestrian:2;van:2
0000359_02353_d_0000708.jpg,31,18,13,0.41935483870967744,0.0007359418357741935,0.8064516129032258,pedestrian:14;car:13;van:2
0000359_02549_d_0000709.jpg,21,19,17,0.8095238095238095,0.004104093860666666,0.2857142857142857,car:10;pedestrian:5;people:2
0000359_03333_d_0000711.jpg,13,15,12,0.9230769230769231,0.001615073735,0.38461538461538464,car:4;pedestrian:3;people:3
0000359_03529_d_0000712.jpg,16,16,10,0.625,0.00506529532125,0.0,people:6;motor:5;car:3
0000360_00001_d_0000713.jpg,80,57,40,0.5,0.00134593563065,0.675,car:33;people:17;motor:14
0000360_00197_d_0000714.jpg,79,53,36,0.45569620253164556,0.0014399279503037976,0.6329113924050633,car:27;people:18;motor:16
0000360_00393_d_0000715.jpg,79,47,36,0.45569620253164556,0.001457679479949367,0.5822784810126582,car:32;people:15;motor:15
0000360_00589_d_0000716.jpg,60,59,33,0.55,0.0018111943076499998,0.5166666666666667,car:22;people:13;motor:11
0000360_00785_d_0000717.jpg,59,47,24,0.4067796610169492,0.001333695274644068,0.4406779661016949,people:15;car:14;motor:14
0000360_00981_d_0000718.jpg,65,59,41,0.6307692307692307,0.001715082117846154,0.5076923076923077,car:23;motor:15;people:12
0000360_02353_d_0000725.jpg,72,62,48,0.6666666666666666,0.002005409696388889,0.4722222222222222,car:32;pedestrian:12;motor:10
0000360_02745_d_0000727.jpg,81,58,37,0.4567901234567901,0.001969588828617284,0.5679012345679012,car:38;pedestrian:13;motor:12
0000360_02941_d_0000728.jpg,45,45,29,0.6444444444444445,0.003459263968999999,0.24444444444444444,car:19;motor:10;people:7
0000360_03137_d_0000729.jpg,56,52,40,0.7142857142857143,0.002236504121017857,0.5178571428571429,car:30;motor:9;pedestrian:7
0000360_03333_d_0000730.jpg,56,50,30,0.5357142857142857,0.0022323849631071427,0.6428571428571429,car:19;people:11;van:10
0000360_03529_d_0000731.jpg,31,26,19,0.6129032258064516,0.0019720333274516133,0.5483870967741935,people:10;motor:8;car:7
0000360_03921_d_0000733.jpg,52,40,24,0.46153846153846156,0.0011706116166346153,0.75,car:21;people:12;tricycle:8
0000360_04117_d_0000734.jpg,18,16,14,0.7777777777777778,0.010609427785777777,0.1111111111111111,car:6;people:4;pedestrian:3
0000360_04705_d_0000737.jpg,9,6,6,0.6666666666666666,0.004709975954777778,0.0,people:4;motor:3;car:2
0000360_05293_d_0000740.jpg,70,52,36,0.5142857142857142,0.002797973867471428,0.6714285714285714,car:34;people:11;motor:9
0000360_05685_d_0000742.jpg,60,54,31,0.5166666666666667,0.002506647792833333,0.2833333333333333,car:27;people:9;pedestrian:8
0000360_06273_d_0000745.jpg,17,36,10,0.5882352941176471,0.0024029676052352944,0.29411764705882354,pedestrian:7;car:4;people:2
0000360_06665_d_0000747.jpg,48,43,28,0.5833333333333334,0.0037955456684374994,0.3125,car:23;people:9;pedestrian:4
0000360_06861_d_0000748.jpg,25,27,24,0.96,0.00651491379124,0.16,car:12;motor:4;people:3
0000360_07057_d_0000749.jpg,15,24,10,0.6666666666666666,0.009267791797999999,0.26666666666666666,car:6;people:2;van:2
0000360_07253_d_0000750.jpg,28,30,23,0.8214285714285714,0.007833406748250001,0.17857142857142858,car:10;people:7;motor:4
0000360_07645_d_0000752.jpg,16,17,12,0.75,0.0074127585628125,0.0,car:9;pedestrian:4;van:2
0000364_00589_d_0000798.jpg,62,54,20,0.3225806451612903,0.0021602143381451613,0.5967741935483871,people:16;motor:13;pedestrian:9
0000364_01177_d_0000799.jpg,80,45,29,0.3625,0.0015512399035374999,0.6125,pedestrian:22;people:19;motor:16
0000364_01373_d_0000780.jpg,64,44,23,0.359375,0.001989989846765625,0.625,motor:20;people:16;pedestrian:13
0000364_01569_d_0000781.jpg,97,43,28,0.28865979381443296,0.0011656207732783504,0.6597938144329897,motor:28;people:26;pedestrian:23
0000364_01765_d_0000782.jpg,81,48,25,0.30864197530864196,0.0020594226928024686,0.5061728395061729,pedestrian:27;people:18;tricycle:11
